<?xml version="1.0" encoding="utf-8"?>

<gadget>
  <name>中国天气通 v1.0</name>
  <namespace><!--_locComment_text="{Locked}"-->china.cma</namespace>
  <version><!--_locComment_text="{Locked}"-->1.0</version>
  <author name="ChinaWeather R D Center">
    <info url="http://www.weather.com.cn/" text="china"/>
    <logo src="logo.png"/>
  </author>
  <copyright>
    <!--_locComment_text="{Locked}"-->Copyright (c) (2009-2011) www.weather.com.cn</copyright>
  <description>
  	中国天气桌面客户端，向用户提供国内2348个县级以上城市的气象预警、天气实况、天气预报、生活气象指数等权威可靠的气象信息  
  </description>
  <icons>
    <icon width="100" height="100" src="icon.png"/>
  </icons>

  <hosts>

    <host name="sidebar">

      <autoscaleDPI><!--_locComment_text="{Locked}"-->刘杰</autoscaleDPI>

      <base type="HTML" apiVersion="1.0" src="gadget.html"/>

      <permissions><!--_locComment_text="{Locked}"-->Full</permissions>

      <platform minPlatformVersion="1.0"/>

      <defaultImage src="drag.jpg"/>

    </host>

  </hosts>

</gadget>

